{"cameraMode":{"drawMode":0,"name":"Shaded","section":"Shading Mode"},"sceneLighting":true,"audioPlay":false,"sceneViewState":{"showFog":true,"showMaterialUpdate":false,"showSkybox":true,"showFlares":true,"showImageEffects":true,"showParticleSystems":true},"in2DMode":false,"pivot":{"x":-5.365155220031738,"y":4.330493450164795,"z":-6.647230625152588},"rotation":{"x":0.717400074005127,"y":-0.017756802961230279,"z":0.018297672271728517,"w":0.6961946487426758},"size":9.545032501220704,"orthographic":false}