{"cameraMode":{"drawMode":0,"name":"Shaded","section":"Shading Mode"},"sceneLighting":true,"audioPlay":false,"sceneViewState":{"showFog":true,"showMaterialUpdate":false,"showSkybox":true,"showFlares":true,"showImageEffects":true,"showParticleSystems":true},"in2DMode":false,"pivot":{"x":1.7555221319198609,"y":7.651044845581055,"z":-26.09390640258789},"rotation":{"x":-0.11614422500133515,"y":0.09964530915021897,"z":-0.01171203888952732,"w":-0.9881519079208374},"size":12.365801811218262,"orthographic":false}