{"cameraMode":{"drawMode":0,"name":"Shaded","section":"Shading Mode"},"sceneLighting":true,"audioPlay":false,"sceneViewState":{"showFog":true,"showMaterialUpdate":false,"showSkybox":true,"showFlares":true,"showImageEffects":true,"showParticleSystems":true},"in2DMode":false,"pivot":{"x":-9.496912002563477,"y":-3.8423526287078859,"z":52.057395935058597},"rotation":{"x":0.05696399509906769,"y":-0.013477650471031666,"z":0.0007690484053455293,"w":0.9982849955558777},"size":72.5047607421875,"orthographic":false}