{"cameraMode":{"drawMode":0,"name":"Shaded","section":"Shading Mode"},"sceneLighting":true,"audioPlay":false,"sceneViewState":{"showFog":true,"showMaterialUpdate":false,"showSkybox":true,"showFlares":true,"showImageEffects":true,"showParticleSystems":true},"in2DMode":false,"pivot":{"x":-8.079999923706055,"y":3.059999942779541,"z":-6.460000514984131},"rotation":{"x":0.26888200640678408,"y":-0.03322156146168709,"z":0.009279693476855755,"w":0.9625553488731384},"size":19.258590698242189,"orthographic":false}